{
    "Logistic Regression": {
        "accuracy": 0.8852459016393442,
        "precision": 0.8387096774193549,
        "recall": 0.9285714285714286,
        "f1": 0.8813559322033898,
        "roc_auc": 0.9664502164502166
    },
    "Random Forest": {
        "accuracy": 0.8852459016393442,
        "precision": 0.8387096774193549,
        "recall": 0.9285714285714286,
        "f1": 0.8813559322033898,
        "roc_auc": 0.9404761904761906
    },
    "XGBoost": {
        "accuracy": 0.9016393442622951,
        "precision": 0.84375,
        "recall": 0.9642857142857143,
        "f1": 0.9,
        "roc_auc": 0.9437229437229437
    }
}